hotel_city,room_type,season,days_to_checkin,competitor_avg_price,demand_index,local_event,room_availability_index,predicted_room_price_inr
Chennai,Standard,Peak,49,13471.22,0.79,0,0.66,3250.94
Goa,Standard,Holiday,8,14828.91,1.05,0,0.66,5838.59
Goa,Deluxe,Peak,42,14343.31,0.99,0,0.45,11324.52
Bangalore,Deluxe,Regular,80,4578.27,1.47,0,0.43,11463.48
Goa,Suite,Peak,61,14932.16,1.03,0,0.97,11903.07
Chennai,Deluxe,Off-Peak,18,4545.57,0.98,1,0.73,8122.71
Goa,Deluxe,Peak,11,8516.06,0.94,0,0.86,8673.01
Mumbai,Deluxe,Holiday,41,12094.75,1.33,0,0.44,13048.47
Mumbai,Standard,Regular,55,6872.62,1.04,0,1.0,3413.9
Mumbai,Standard,Off-Peak,12,7227.78,1.07,0,0.52,5185.97
Bangalore,Deluxe,Holiday,12,7993.02,1.17,0,0.49,12591.24
Bangalore,Standard,Regular,79,4829.66,0.86,0,0.78,3283.0
Delhi,Deluxe,Holiday,88,6986.48,0.8,0,0.93,4805.47
Bangalore,Standard,Off-Peak,2,3938.98,1.3,0,0.67,6872.17
Mumbai,Standard,Holiday,29,4229.99,0.92,0,0.4,5588.85
Kolkata,Deluxe,Peak,72,7473.51,1.26,0,0.73,11036.06
Chennai,Deluxe,Off-Peak,83,8576.72,0.98,0,0.45,7918.06
Kolkata,Standard,Peak,74,11500.23,1.45,0,0.42,8951.27
Kolkata,Standard,Holiday,56,10307.71,1.05,1,0.74,5899.22
Bangalore,Deluxe,Regular,85,11253.86,1.11,0,0.83,6449.98
Bangalore,Suite,Regular,33,10507.21,1.24,0,0.87,13164.39
Goa,Deluxe,Holiday,40,3983.18,0.72,0,0.51,7356.65
Chennai,Standard,Peak,62,14595.23,1.1,0,0.64,5600.86
Mumbai,Deluxe,Off-Peak,67,12636.05,1.39,0,0.45,12454.83
Goa,Standard,Regular,85,9949.11,1.03,0,0.51,4913.85
Goa,Standard,Holiday,41,14132.41,1.08,0,1.0,3955.38
Goa,Deluxe,Regular,44,4817.19,1.07,0,0.96,6063.09
Goa,Suite,Off-Peak,12,11205.07,1.06,0,0.59,14706.58
Delhi,Premium Suite,Holiday,52,9432.2,0.74,0,0.45,17017.04
Goa,Suite,Peak,48,6634.55,0.76,0,0.92,9428.15
Kolkata,Suite,Holiday,33,6869.11,1.17,0,0.54,18435.74
Kolkata,Suite,Off-Peak,43,4702.34,1.12,1,0.5,17112.46
Mumbai,Premium Suite,Peak,83,4508.34,1.24,0,0.97,19571.77
Chennai,Deluxe,Off-Peak,69,2925.8,1.26,0,0.75,8893.17
Delhi,Standard,Regular,74,7422.79,0.99,0,0.45,4573.36
Goa,Standard,Regular,85,5415.63,0.93,0,0.79,3524.32
Bangalore,Standard,Off-Peak,51,11009.25,0.75,0,0.57,3903.48
Bangalore,Suite,Peak,11,11992.29,1.02,0,0.62,18252.84
Delhi,Suite,Holiday,52,10339.47,0.86,0,0.82,10579.33
Kolkata,Suite,Holiday,38,6342.71,0.96,0,0.54,14491.97
Goa,Standard,Regular,76,12773.59,1.41,0,0.47,6933.67
Mumbai,Standard,Peak,8,14010.31,1.37,0,0.87,7290.11
Kolkata,Standard,Holiday,31,9726.57,0.92,0,0.57,5360.88
Mumbai,Standard,Holiday,48,9438.46,0.99,1,0.65,6005.52
Bangalore,Standard,Off-Peak,51,2999.54,1.02,0,0.96,3868.28
Kolkata,Standard,Regular,78,6278.29,1.47,0,0.88,5483.07
Kolkata,Deluxe,Regular,55,12458.33,0.74,0,0.43,6348.84
Goa,Standard,Peak,73,12133.76,1.27,0,0.92,4985.88
Kolkata,Deluxe,Holiday,11,14441.13,1.27,0,0.96,9644.69
Mumbai,Standard,Off-Peak,12,6656.26,1.46,1,0.94,6725.37
Goa,Standard,Regular,57,7214.37,0.8,0,0.95,2899.05
Chennai,Standard,Holiday,88,3514.29,0.84,0,0.76,3256.03
Goa,Deluxe,Holiday,68,13511.77,1.31,0,0.63,11373.07
Chennai,Standard,Holiday,31,10218.94,0.93,0,0.48,5869.28
Goa,Deluxe,Off-Peak,72,12166.02,1.45,0,0.95,8016.17
Delhi,Deluxe,Regular,1,13795.55,0.9,0,0.43,9082.44
Chennai,Deluxe,Off-Peak,68,9970.71,0.95,0,0.99,5010.52
Kolkata,Standard,Holiday,51,5134.06,1.35,0,0.43,8124.02
Bangalore,Premium Suite,Off-Peak,18,14747.2,0.74,0,0.44,17244.37
Delhi,Standard,Peak,82,4483.84,0.75,0,0.41,4567.84
Mumbai,Deluxe,Peak,67,2511.36,0.79,0,0.61,7023.57
Delhi,Standard,Regular,18,3255.9,0.91,0,0.46,5060.88
Mumbai,Standard,Off-Peak,21,5486.04,1.06,1,0.8,5932.29
Delhi,Standard,Holiday,49,14082.02,0.87,1,0.49,5762.14
Bangalore,Standard,Regular,12,4685.83,0.98,0,0.78,4358.7
Mumbai,Deluxe,Regular,36,7889.67,1.07,0,0.96,7003.66
Delhi,Premium Suite,Regular,47,10619.49,0.85,0,0.52,18086.46
Chennai,Suite,Peak,34,7890.8,1.1,0,0.75,15562.71
Bangalore,Standard,Holiday,1,10389.92,0.75,1,0.81,5036.57
Bangalore,Deluxe,Regular,50,4544.02,0.74,0,0.72,6051.37
Goa,Deluxe,Holiday,36,8044.92,1.21,0,0.61,11316.88
Goa,Suite,Off-Peak,83,7230.96,0.74,0,0.58,7867.0
Bangalore,Deluxe,Regular,59,3409.58,1.04,0,0.92,6104.91
Goa,Suite,Holiday,80,13128.62,1.21,0,0.93,11906.69
Mumbai,Standard,Holiday,52,10699.99,1.36,0,0.53,8302.8
Chennai,Standard,Peak,49,9402.02,1.28,0,0.42,8867.14
Bangalore,Standard,Regular,61,3809.14,1.27,0,0.62,6010.95
Goa,Suite,Holiday,17,14221.21,0.9,0,0.77,12466.76
Goa,Standard,Off-Peak,48,12939.88,1.14,0,0.96,3726.68
Goa,Suite,Holiday,45,9424.6,1.23,0,0.62,17391.46
Chennai,Standard,Peak,11,8288.73,1.23,0,0.98,6546.42
Mumbai,Standard,Off-Peak,21,2975.2,1.1,0,0.9,4281.37
Mumbai,Deluxe,Regular,68,12484.25,0.86,0,0.43,7820.27
Bangalore,Standard,Off-Peak,27,6119.85,0.83,0,0.64,4917.39
Kolkata,Standard,Regular,0,3988.41,1.25,0,0.77,5962.87
Kolkata,Standard,Off-Peak,13,5222.41,0.72,1,0.52,5191.45
Kolkata,Deluxe,Peak,33,13247.41,1.37,0,0.91,10897.29
Mumbai,Standard,Off-Peak,26,5439.24,0.86,0,0.88,3562.96
Delhi,Premium Suite,Peak,41,4493.93,1.09,0,0.56,27855.3
Kolkata,Deluxe,Holiday,37,7548.81,1.45,0,0.47,14396.68
Kolkata,Suite,Peak,64,8529.42,1.42,0,0.73,18326.59
Chennai,Suite,Peak,88,7849.97,0.93,0,0.55,13529.43
Bangalore,Suite,Regular,78,3342.73,1.07,0,0.6,12241.46
Goa,Deluxe,Peak,80,11477.42,1.32,0,0.93,8583.32
Kolkata,Standard,Peak,59,14786.13,1.12,0,0.71,6503.9
Goa,Deluxe,Regular,33,13723.88,1.08,0,0.7,9464.82
Mumbai,Deluxe,Peak,19,14568.71,1.04,0,0.86,8640.32
Goa,Standard,Off-Peak,45,3081.99,1.02,0,0.57,5430.39
Chennai,Deluxe,Peak,2,10857.0,1.08,0,0.6,12499.48
Mumbai,Deluxe,Holiday,7,9901.05,1.46,0,0.89,11525.99
Kolkata,Standard,Peak,60,6434.61,1.12,0,0.71,6149.95
Mumbai,Standard,Off-Peak,18,10814.46,0.86,0,0.61,4644.79
Delhi,Deluxe,Off-Peak,10,3941.26,1.0,0,0.57,9167.92
Bangalore,Suite,Regular,30,13593.9,0.77,0,0.57,10596.5
Delhi,Standard,Regular,48,4110.78,1.03,0,0.73,4978.91
Goa,Standard,Holiday,1,11829.79,0.95,0,0.83,4971.5
Kolkata,Standard,Peak,4,7739.9,0.74,0,0.68,4771.48
Bangalore,Premium Suite,Off-Peak,5,14482.76,1.1,0,0.5,24881.07
Chennai,Deluxe,Holiday,69,12164.67,1.43,0,0.8,9651.07
Goa,Suite,Holiday,41,11468.13,1.38,0,0.54,21505.6
Delhi,Standard,Off-Peak,60,12326.78,1.16,0,0.46,5337.23
Goa,Deluxe,Regular,38,2176.88,1.28,1,0.88,9954.34
Mumbai,Suite,Holiday,28,4994.96,0.74,0,0.73,10016.56
Bangalore,Standard,Holiday,20,7949.51,1.22,0,0.89,5023.68
Goa,Standard,Regular,36,4855.99,1.24,0,0.4,6706.0
Kolkata,Deluxe,Regular,88,2480.2,1.1,0,0.73,6974.23
Chennai,Deluxe,Regular,35,3363.65,1.43,0,0.97,8547.33
Chennai,Premium Suite,Off-Peak,42,5354.71,1.25,0,0.89,20596.3
Delhi,Suite,Regular,38,5572.8,1.49,0,0.98,14443.98
Kolkata,Standard,Regular,89,14024.45,1.37,1,0.41,7655.01
Mumbai,Deluxe,Regular,55,7707.9,1.0,0,0.75,6899.86
Chennai,Standard,Holiday,59,4431.76,1.32,0,0.54,7536.82
Bangalore,Premium Suite,Peak,19,13228.69,0.93,0,0.82,20199.77
Kolkata,Standard,Regular,18,3304.66,1.11,1,0.53,6744.76
Mumbai,Suite,Off-Peak,43,7428.78,0.82,0,0.82,9228.76
Bangalore,Standard,Holiday,35,14645.49,0.96,0,0.9,3946.36
Delhi,Standard,Off-Peak,30,9267.06,1.41,0,0.76,5422.6
Mumbai,Suite,Regular,16,14069.77,0.9,0,0.6,13690.61
Bangalore,Standard,Peak,68,7542.48,0.94,0,0.85,4014.12
Chennai,Standard,Peak,73,4094.62,0.83,0,0.68,3387.74
Goa,Deluxe,Regular,18,12114.88,1.0,0,0.67,8887.91
Kolkata,Standard,Peak,70,8654.47,0.93,0,0.94,3806.06
Chennai,Standard,Holiday,28,3435.04,0.87,0,0.4,5910.01
Kolkata,Deluxe,Regular,35,12200.05,0.9,0,0.71,6805.7
Goa,Deluxe,Regular,77,13628.31,1.22,0,0.85,7050.27
Delhi,Suite,Off-Peak,71,4925.92,0.86,0,0.66,9755.69
Kolkata,Standard,Off-Peak,28,14237.81,1.02,1,0.52,5531.69
Bangalore,Premium Suite,Peak,75,8326.52,1.14,0,0.94,18755.88
Delhi,Deluxe,Off-Peak,2,9410.23,0.84,1,0.41,9758.6
Delhi,Suite,Peak,80,14482.0,1.24,0,0.57,18625.47
Mumbai,Standard,Peak,40,10124.76,0.8,0,0.96,3157.87
Kolkata,Deluxe,Peak,16,10480.61,0.87,0,0.95,7054.8
Goa,Standard,Regular,4,4348.7,0.8,0,0.78,4021.73
Bangalore,Deluxe,Peak,69,8019.48,0.95,0,0.67,8002.13
Goa,Standard,Holiday,21,4934.76,0.9,1,0.52,5987.82
Delhi,Deluxe,Regular,17,11355.67,1.05,0,0.89,6942.73
Bangalore,Standard,Off-Peak,4,6475.12,1.45,0,0.64,7496.29
Bangalore,Suite,Peak,7,10495.99,1.03,0,0.45,21025.07
Chennai,Standard,Off-Peak,10,7684.12,0.89,1,1.0,3701.85
Mumbai,Standard,Peak,29,4900.21,1.1,0,0.49,7786.15
Kolkata,Standard,Peak,87,13591.41,1.37,0,0.79,6267.65
Bangalore,Standard,Regular,44,8027.88,0.74,1,0.96,3322.81
Mumbai,Standard,Off-Peak,49,3247.04,1.04,1,0.78,4356.11
Chennai,Standard,Holiday,71,6237.72,1.3,0,0.92,5084.0
Chennai,Suite,Holiday,13,12420.49,1.03,1,0.58,19697.49
Kolkata,Premium Suite,Off-Peak,46,4426.79,1.22,0,0.62,23241.46
Kolkata,Standard,Regular,60,13099.24,1.39,0,0.53,6750.3
Chennai,Standard,Regular,2,8930.42,0.85,0,0.98,3328.24
Kolkata,Deluxe,Off-Peak,62,12827.12,1.02,0,0.48,7580.99
Bangalore,Suite,Off-Peak,26,3745.42,1.14,0,0.41,17109.76
Delhi,Suite,Off-Peak,55,9888.57,1.28,0,0.96,11658.3
Delhi,Standard,Holiday,42,11016.08,1.42,0,0.52,7736.25
Chennai,Standard,Off-Peak,3,9534.78,1.29,0,0.88,5401.75
Delhi,Standard,Regular,55,13943.85,1.36,0,0.88,5479.76
Delhi,Standard,Holiday,33,8430.97,0.96,0,0.43,6055.88
Bangalore,Deluxe,Peak,33,9594.5,0.83,0,0.48,8705.67
Chennai,Deluxe,Holiday,16,3028.64,0.83,0,0.89,6634.26
Mumbai,Suite,Off-Peak,9,7758.32,1.26,0,0.4,20645.68
Chennai,Standard,Holiday,61,8332.51,1.37,0,0.43,8177.32
Chennai,Standard,Holiday,35,13363.09,1.09,1,0.49,6897.4
Chennai,Suite,Holiday,66,14153.9,1.27,0,0.88,14565.02
Kolkata,Suite,Holiday,63,14754.91,1.37,0,0.53,20593.05
Bangalore,Standard,Peak,81,14046.23,0.74,0,0.81,2929.1
Chennai,Standard,Holiday,30,8094.33,1.25,0,0.84,6292.88
Mumbai,Standard,Regular,51,4235.95,1.32,0,0.87,5481.98
Goa,Deluxe,Peak,85,3519.49,1.2,0,0.8,8793.86
Chennai,Standard,Regular,5,4101.17,1.49,0,0.79,8219.4
Chennai,Suite,Regular,40,8211.79,0.9,0,0.94,8855.69
Kolkata,Standard,Off-Peak,71,13050.51,1.28,0,0.52,5815.91
Chennai,Deluxe,Regular,6,6607.91,1.26,0,0.48,12655.96
Delhi,Deluxe,Off-Peak,2,9470.29,1.29,0,0.75,10224.63
Mumbai,Standard,Off-Peak,17,7793.34,0.81,0,0.4,5694.81
Chennai,Premium Suite,Off-Peak,36,8805.0,0.76,0,0.75,13690.3
Bangalore,Premium Suite,Holiday,26,2644.44,1.31,0,0.85,25506.71
Bangalore,Deluxe,Peak,75,10953.75,1.22,0,0.71,10101.23
Chennai,Deluxe,Off-Peak,57,2859.26,1.26,0,0.58,10286.96
Delhi,Standard,Holiday,59,4684.09,0.9,0,0.46,4666.85
Mumbai,Deluxe,Peak,72,13468.52,0.91,0,0.56,8253.73
Kolkata,Standard,Regular,10,11651.43,0.79,0,0.6,3486.07
Chennai,Deluxe,Holiday,67,4450.61,1.19,0,0.9,8485.85
Bangalore,Suite,Holiday,48,10715.86,1.42,0,0.66,19803.87
Bangalore,Deluxe,Off-Peak,38,2227.22,1.28,0,0.53,11183.63
Goa,Deluxe,Regular,69,14660.7,1.42,0,0.4,11877.59
Mumbai,Deluxe,Holiday,17,11211.38,1.1,0,0.99,8691.39
Bangalore,Standard,Peak,4,2823.89,0.83,0,0.65,5321.27
Delhi,Deluxe,Holiday,41,4982.44,0.91,0,0.9,5921.39
Bangalore,Standard,Peak,80,4315.84,0.99,0,0.74,5032.89
Goa,Standard,Peak,28,12421.51,1.28,0,0.83,7517.2
Chennai,Standard,Peak,71,14974.52,0.8,0,0.72,2961.65
Kolkata,Deluxe,Peak,28,7280.25,0.83,0,0.47,9216.54
Bangalore,Deluxe,Holiday,4,7084.09,1.48,1,0.74,16402.67
Goa,Standard,Holiday,35,7922.61,0.92,0,0.85,4537.75
Mumbai,Standard,Holiday,69,13001.28,0.75,0,0.68,3339.61
Bangalore,Deluxe,Holiday,66,14693.94,1.16,0,0.78,7887.08
Kolkata,Deluxe,Holiday,62,10397.0,1.1,0,0.85,8123.47
Chennai,Suite,Regular,18,9504.07,1.37,0,0.87,14633.42
Kolkata,Deluxe,Peak,87,2271.44,1.31,0,0.89,8539.82
Goa,Standard,Peak,21,12348.14,0.92,0,0.96,3683.35
Mumbai,Standard,Regular,86,11992.7,0.76,0,0.49,3930.78
Goa,Deluxe,Regular,15,3149.45,1.39,0,0.5,13088.43
Delhi,Deluxe,Regular,38,9478.24,1.03,0,0.78,7882.71
Kolkata,Suite,Off-Peak,27,11986.54,1.3,1,0.41,21297.23
Goa,Standard,Peak,37,4994.85,1.11,0,0.67,6893.19
Mumbai,Standard,Off-Peak,13,14215.53,1.0,0,0.72,5000.64
Delhi,Deluxe,Off-Peak,56,12283.66,0.75,1,0.75,5853.42
Kolkata,Standard,Holiday,4,10909.77,1.31,0,0.66,7010.86
Goa,Standard,Regular,79,14750.04,1.35,0,0.45,5264.03
Bangalore,Suite,Peak,77,12973.47,0.74,0,0.53,11291.79
Bangalore,Standard,Holiday,42,5269.75,1.14,1,0.81,5708.37
Kolkata,Standard,Off-Peak,26,4251.73,1.3,0,0.87,5419.8
Mumbai,Standard,Holiday,0,7450.98,1.05,0,0.77,5557.38
Delhi,Standard,Peak,2,7035.42,1.3,1,0.72,8285.52
Mumbai,Suite,Regular,24,12019.55,0.8,1,0.57,11872.54
Chennai,Deluxe,Off-Peak,71,13894.78,1.19,0,0.48,9079.08
Kolkata,Deluxe,Off-Peak,14,10730.25,1.49,0,0.43,14531.56
Mumbai,Standard,Holiday,61,13940.46,1.01,0,0.59,5965.84
Mumbai,Standard,Holiday,44,8071.28,0.76,0,0.71,3140.81
Bangalore,Standard,Regular,69,7269.35,0.85,0,0.9,3354.21
Chennai,Standard,Peak,12,10675.52,1.48,0,0.57,10216.34
Goa,Deluxe,Peak,8,13040.89,1.02,0,0.42,13835.01
Kolkata,Standard,Regular,67,11512.25,1.45,0,0.83,4140.76
Delhi,Deluxe,Off-Peak,30,6064.87,1.25,0,0.92,8304.9
Chennai,Standard,Off-Peak,54,12312.34,1.17,1,0.81,5168.1
Bangalore,Standard,Regular,89,4303.81,0.91,1,0.92,3980.39
Bangalore,Standard,Off-Peak,43,8364.94,1.33,0,0.84,5408.96
Chennai,Suite,Holiday,58,2028.51,0.99,0,0.55,14727.0
Bangalore,Suite,Holiday,88,11860.32,0.91,0,0.81,10093.24
Goa,Premium Suite,Holiday,13,14590.0,0.8,0,0.95,14952.43
Goa,Standard,Peak,11,10073.59,1.37,0,0.99,7428.68
Goa,Suite,Off-Peak,70,6204.2,1.49,0,0.77,15794.08
Delhi,Suite,Regular,24,13686.05,1.46,0,0.87,15599.5
Chennai,Standard,Peak,24,10053.39,1.5,0,0.85,7000.7
Chennai,Standard,Off-Peak,89,2002.37,1.44,0,1.0,5323.15
Kolkata,Deluxe,Regular,47,14016.93,1.04,0,0.77,6740.89
Goa,Premium Suite,Off-Peak,37,9252.9,0.91,0,0.75,16421.2
Bangalore,Deluxe,Regular,65,4894.62,1.47,0,0.52,12084.76
Bangalore,Deluxe,Off-Peak,63,5797.68,1.47,0,0.6,10609.93
Bangalore,Deluxe,Regular,63,12678.47,1.06,1,0.5,10213.4
Mumbai,Standard,Holiday,10,2291.03,1.15,0,0.72,6462.32
Goa,Deluxe,Holiday,3,12230.42,1.32,0,0.91,9724.4
Goa,Standard,Peak,39,4075.64,0.75,0,0.83,3691.08
Mumbai,Premium Suite,Regular,31,5033.99,0.86,0,0.52,17822.18
Mumbai,Deluxe,Holiday,85,2553.15,0.99,0,0.53,8699.4
Goa,Standard,Regular,63,8754.14,0.98,0,0.54,4267.39
Bangalore,Standard,Peak,67,8207.52,1.26,0,0.56,7297.07
Mumbai,Standard,Regular,5,6895.85,0.84,0,0.7,3913.55
Mumbai,Standard,Holiday,57,13325.05,1.46,0,0.77,6642.11
Mumbai,Standard,Peak,36,3524.21,1.41,1,0.52,11085.6
Kolkata,Standard,Regular,38,11768.12,1.24,1,0.5,7772.59
Chennai,Standard,Off-Peak,22,14787.75,0.81,0,0.92,3805.35
Mumbai,Suite,Holiday,15,13004.81,1.22,0,0.76,17081.92
Delhi,Premium Suite,Holiday,67,6861.93,1.47,0,0.47,30000.0
Kolkata,Suite,Regular,30,13492.57,1.32,0,0.4,20237.11
Kolkata,Standard,Peak,17,6806.19,1.0,0,0.76,5221.81
Kolkata,Deluxe,Regular,50,7036.26,1.25,0,0.44,11344.45
Kolkata,Deluxe,Regular,36,14766.06,1.29,0,0.83,8952.15
Chennai,Standard,Holiday,2,2190.02,1.16,1,0.86,6128.34
Delhi,Suite,Off-Peak,50,3696.5,1.26,0,0.91,13093.79
Goa,Suite,Off-Peak,89,14603.26,0.74,1,0.57,9454.7
Bangalore,Standard,Regular,57,13503.66,0.98,0,0.71,4949.58
Bangalore,Suite,Holiday,4,7685.87,0.96,0,0.76,14039.83
Chennai,Standard,Off-Peak,22,3187.89,1.02,0,0.65,3973.4
Delhi,Premium Suite,Peak,57,7315.17,1.03,0,0.92,19073.47
Kolkata,Standard,Regular,43,6517.89,0.94,0,0.79,3446.9
Goa,Standard,Holiday,46,5829.36,1.06,0,0.99,4271.43
Mumbai,Deluxe,Off-Peak,12,10026.32,1.27,0,0.75,9367.31
Delhi,Deluxe,Regular,60,9818.89,0.94,0,0.9,6024.65
Mumbai,Deluxe,Peak,10,14880.56,1.13,0,0.68,11847.71
Mumbai,Premium Suite,Holiday,54,3732.17,1.39,0,0.96,21444.25
Mumbai,Standard,Off-Peak,76,12949.84,0.86,0,0.9,2719.82
Mumbai,Standard,Regular,82,8966.42,1.21,0,0.6,4811.9
Delhi,Standard,Holiday,9,8655.49,0.97,0,0.59,6015.63
Kolkata,Suite,Regular,88,14965.94,1.3,0,0.6,14774.31
Chennai,Standard,Regular,61,7035.52,1.0,0,0.44,5195.96
Kolkata,Deluxe,Regular,88,11231.5,0.77,0,0.56,5108.73
Goa,Suite,Regular,24,6515.65,1.16,0,0.61,15735.81
Goa,Deluxe,Peak,73,11527.67,1.07,1,0.65,10186.44
Bangalore,Deluxe,Holiday,32,4164.28,1.09,0,0.47,11227.85
Bangalore,Standard,Regular,59,13959.03,1.32,1,0.85,5347.82
Chennai,Standard,Regular,4,6514.94,1.32,1,0.65,7719.9
Kolkata,Standard,Off-Peak,67,6167.4,1.18,0,0.88,4737.79
Goa,Deluxe,Peak,33,2588.29,0.88,1,0.61,9602.56
Chennai,Deluxe,Regular,51,9918.75,1.33,1,0.43,12583.17
Mumbai,Standard,Peak,16,14235.38,0.81,0,0.76,4617.76
Kolkata,Standard,Off-Peak,29,2459.84,1.01,0,0.42,6000.83
Bangalore,Standard,Regular,13,4996.46,0.83,0,0.61,3799.38
Kolkata,Premium Suite,Peak,61,7050.63,1.24,0,0.46,30000.0
Delhi,Deluxe,Regular,43,2116.51,1.11,0,0.85,7407.94
Bangalore,Standard,Off-Peak,23,12206.68,1.03,1,0.84,5393.37
Chennai,Deluxe,Off-Peak,84,9124.38,0.7,0,0.92,3142.9
Bangalore,Standard,Off-Peak,0,6151.37,1.44,0,0.42,9589.76
Goa,Standard,Off-Peak,26,4921.51,1.21,0,0.51,6335.24
Delhi,Deluxe,Regular,23,3240.67,1.25,1,0.41,12420.06
Goa,Standard,Peak,4,12428.66,1.16,0,0.99,5502.51
Chennai,Suite,Peak,6,12802.93,0.76,1,0.56,15065.43
Goa,Deluxe,Off-Peak,44,6836.1,1.18,0,0.8,7891.49
Chennai,Standard,Holiday,53,8786.68,1.07,0,0.63,6141.0
Chennai,Standard,Holiday,57,12624.78,1.47,0,0.97,5844.39
Goa,Standard,Peak,73,11315.76,1.04,0,0.57,5326.37
Goa,Deluxe,Peak,59,5368.17,0.89,1,0.97,7520.0
Goa,Deluxe,Holiday,9,10976.78,0.91,0,0.7,7926.32
Kolkata,Standard,Regular,79,13590.65,1.45,0,0.74,5787.48
Chennai,Standard,Regular,32,8976.37,1.43,0,0.9,5719.25
Goa,Standard,Peak,86,14979.47,1.38,0,0.94,5542.28
Delhi,Standard,Off-Peak,43,9356.18,1.42,0,0.48,8286.72
Mumbai,Suite,Holiday,14,7737.36,1.46,0,0.56,25166.9
Delhi,Standard,Regular,62,9029.24,1.03,0,0.66,4535.47
Chennai,Suite,Holiday,17,13502.72,1.07,0,0.57,18004.72
Goa,Standard,Off-Peak,81,10408.79,1.27,0,0.83,4152.87
Chennai,Suite,Holiday,23,11285.76,1.24,0,0.58,20206.11
Mumbai,Suite,Off-Peak,39,10662.27,1.32,0,0.93,13605.91
Kolkata,Deluxe,Regular,85,12387.0,1.44,0,0.63,9661.54
Mumbai,Suite,Off-Peak,57,2851.57,1.06,0,0.65,13096.51
Kolkata,Standard,Peak,84,8235.31,1.2,0,0.71,6114.7
Mumbai,Standard,Off-Peak,82,5400.21,1.36,1,0.64,6531.2
Mumbai,Suite,Regular,74,7673.39,0.93,0,0.66,10078.69
Chennai,Standard,Regular,78,12893.34,1.19,0,0.41,5167.16
Delhi,Suite,Peak,34,8614.97,1.0,0,0.53,17103.0
Chennai,Standard,Holiday,64,11609.63,0.7,0,0.84,3178.46
Delhi,Standard,Holiday,7,4322.84,1.17,0,0.98,5145.24
Chennai,Standard,Holiday,37,12736.57,1.16,0,0.8,5915.41
Goa,Deluxe,Regular,67,6166.99,0.82,0,0.89,4693.56
Chennai,Deluxe,Off-Peak,31,6841.37,1.49,0,0.73,11061.73
Bangalore,Standard,Off-Peak,54,7599.53,1.47,0,0.79,6355.49
Goa,Standard,Peak,37,10156.82,1.34,0,0.91,6605.72
Delhi,Standard,Off-Peak,6,12771.94,0.91,0,0.86,3501.07
Delhi,Deluxe,Holiday,51,3308.58,0.83,0,0.7,7339.49
Chennai,Standard,Peak,12,14731.65,1.44,0,0.55,10411.15
Delhi,Suite,Peak,16,8080.61,0.9,0,0.44,17756.86
Mumbai,Standard,Regular,29,3011.8,1.46,0,0.62,7765.03
Mumbai,Deluxe,Regular,23,12782.86,1.37,0,0.5,12205.59
Bangalore,Standard,Regular,79,7290.0,1.18,0,0.61,5007.97
Kolkata,Standard,Holiday,11,7390.09,0.74,0,0.96,3656.87
Mumbai,Deluxe,Peak,26,13905.02,1.01,0,0.87,8644.9
Mumbai,Deluxe,Holiday,75,6199.19,1.43,0,0.48,13432.12
Kolkata,Deluxe,Peak,48,8707.55,0.88,0,0.42,9900.34
Chennai,Suite,Regular,68,3110.52,1.23,0,0.72,13394.39
Delhi,Suite,Off-Peak,52,7409.39,0.74,0,0.96,6707.04
Bangalore,Deluxe,Off-Peak,17,14158.16,1.32,0,0.92,9178.29
Mumbai,Deluxe,Holiday,70,7526.46,0.9,0,0.77,7315.78
Bangalore,Standard,Peak,36,2166.21,1.15,0,0.78,7222.08
Mumbai,Standard,Holiday,34,8030.27,0.93,0,0.74,5903.15
Chennai,Standard,Off-Peak,19,8811.73,1.47,0,0.81,6610.84
Goa,Deluxe,Peak,10,13828.95,0.96,0,0.93,7970.71
Chennai,Suite,Holiday,60,11449.68,1.35,0,0.47,20483.69
Chennai,Standard,Regular,70,3523.88,1.03,1,0.77,3613.67
Mumbai,Suite,Peak,26,13020.41,1.15,0,0.96,15049.55
Bangalore,Deluxe,Peak,25,12484.13,1.07,0,0.71,10362.36
Bangalore,Standard,Holiday,72,9265.7,1.46,0,0.8,6901.36
Goa,Standard,Regular,26,5914.23,0.79,0,0.47,4099.33
Kolkata,Deluxe,Holiday,54,14658.7,1.11,0,0.97,7448.29
Mumbai,Standard,Holiday,38,14132.85,0.98,0,0.81,4915.95
Kolkata,Premium Suite,Off-Peak,76,4874.68,0.85,0,0.81,12715.17
Mumbai,Deluxe,Peak,22,7832.97,1.34,0,0.95,10660.09
Mumbai,Suite,Peak,51,12697.42,1.04,0,0.42,18830.56
Goa,Suite,Off-Peak,84,11403.3,0.81,0,0.99,6942.76
Delhi,Standard,Off-Peak,11,2402.81,1.33,0,0.8,5910.09
Delhi,Standard,Regular,34,11350.66,1.46,1,0.91,6314.61
Bangalore,Deluxe,Holiday,11,3090.98,1.24,0,0.54,13548.37
Kolkata,Deluxe,Holiday,17,14903.41,1.23,0,0.62,11309.05
Chennai,Suite,Regular,6,13660.1,1.23,0,0.83,14893.52
Mumbai,Standard,Off-Peak,51,11650.05,1.04,0,0.87,3998.15
Bangalore,Suite,Off-Peak,32,5019.47,1.22,0,0.92,12806.57
Goa,Standard,Off-Peak,84,8201.91,1.47,0,0.72,6093.08
Chennai,Suite,Regular,10,3463.04,0.89,0,0.77,10979.3
Kolkata,Standard,Holiday,27,12320.82,1.27,0,0.98,6102.43
Kolkata,Deluxe,Regular,80,3770.52,1.45,0,0.6,10229.02
Chennai,Suite,Off-Peak,21,6641.08,1.01,0,0.74,12661.21
Bangalore,Suite,Regular,26,12874.06,1.1,1,0.74,13731.96
Mumbai,Standard,Regular,51,14772.34,1.05,0,0.73,4677.53
Chennai,Deluxe,Peak,0,3541.75,0.99,0,0.71,9577.38
Chennai,Standard,Off-Peak,80,12050.77,0.87,1,0.51,4171.02
Delhi,Standard,Off-Peak,10,13147.7,1.12,0,0.55,5599.98
Goa,Standard,Peak,74,6527.15,1.16,0,0.85,5418.4
Mumbai,Standard,Regular,8,13509.96,0.85,0,0.95,3165.26
Goa,Suite,Off-Peak,77,2938.17,1.22,0,0.87,11899.32
Goa,Deluxe,Regular,34,11115.19,0.82,0,0.52,7916.17
Mumbai,Standard,Regular,81,6843.18,1.3,0,0.44,7689.93
Goa,Standard,Regular,69,13569.07,1.1,0,0.76,4160.3
Kolkata,Standard,Regular,24,11416.68,1.38,0,0.47,7653.1
Chennai,Deluxe,Peak,26,11166.5,1.13,0,0.84,9070.97
Bangalore,Deluxe,Holiday,0,9011.38,1.15,0,0.68,11334.11
Goa,Deluxe,Holiday,23,8200.24,0.87,0,0.43,9119.22
Mumbai,Deluxe,Holiday,57,11111.38,0.81,0,0.92,5943.17
Bangalore,Standard,Holiday,34,3518.23,1.06,1,0.4,7654.85
Delhi,Standard,Off-Peak,58,2887.95,1.27,0,0.69,5163.03
Kolkata,Standard,Off-Peak,40,9273.73,1.31,0,0.41,7127.05
Mumbai,Suite,Holiday,64,2504.6,1.27,0,0.7,15921.5
Goa,Suite,Peak,26,2770.0,1.1,0,0.85,15236.07
Bangalore,Deluxe,Regular,13,6427.35,0.87,0,0.76,7316.62
Goa,Suite,Off-Peak,81,3195.77,1.19,0,0.95,9901.31
Bangalore,Deluxe,Holiday,57,5314.87,0.96,0,0.68,8349.7
Chennai,Standard,Peak,24,8544.23,1.44,0,0.9,7460.84
Mumbai,Premium Suite,Regular,40,10295.05,0.91,0,0.44,19129.03
Delhi,Standard,Off-Peak,78,8393.1,1.23,0,0.8,3977.79
Chennai,Deluxe,Regular,78,6959.23,1.49,0,0.5,12258.14
Chennai,Deluxe,Regular,23,9857.34,0.87,0,0.74,6664.49
Goa,Standard,Holiday,64,6867.18,0.96,1,0.83,4568.71
Chennai,Standard,Peak,30,3446.73,1.15,1,0.96,5103.92
Chennai,Suite,Regular,6,13782.5,0.77,1,0.95,8854.0
Mumbai,Standard,Holiday,33,13914.61,1.41,0,0.95,5994.23
Kolkata,Standard,Peak,24,9297.83,0.85,0,0.51,5165.06
Kolkata,Standard,Regular,9,4641.31,1.05,0,0.73,4553.8
Bangalore,Standard,Holiday,51,9791.76,1.46,0,0.52,8049.85
Kolkata,Standard,Peak,25,10818.0,1.33,0,0.4,9536.82
Bangalore,Standard,Off-Peak,3,10133.62,1.5,0,0.56,8457.55
Kolkata,Standard,Peak,46,6171.59,1.35,0,0.55,8593.72
Chennai,Standard,Peak,62,6968.8,1.16,0,0.52,7022.55
Delhi,Suite,Off-Peak,19,12896.41,1.34,0,0.49,20386.71
Goa,Standard,Off-Peak,36,10724.29,1.26,0,0.84,4340.78
Kolkata,Standard,Off-Peak,77,11443.11,0.73,0,0.88,2739.64
Delhi,Standard,Holiday,48,11665.4,0.8,0,0.48,4118.36
Bangalore,Standard,Off-Peak,85,4262.99,0.82,1,0.41,4463.49
Bangalore,Suite,Holiday,86,3153.97,1.39,0,0.67,17668.18
Goa,Standard,Peak,55,11634.47,1.16,0,0.41,6924.36
Mumbai,Standard,Off-Peak,63,9113.15,0.75,0,0.68,2934.01
Bangalore,Deluxe,Holiday,4,5648.16,1.14,1,0.6,12906.17
Delhi,Standard,Peak,0,11590.94,1.42,1,0.88,8013.64
Kolkata,Standard,Peak,72,4498.08,0.94,0,0.53,5943.94
Bangalore,Deluxe,Peak,80,11737.31,1.0,0,0.43,10688.28
Mumbai,Standard,Peak,83,12380.59,1.19,0,0.67,5977.56
Bangalore,Standard,Holiday,78,6239.11,1.08,0,0.45,6068.31
Delhi,Standard,Holiday,61,12825.98,1.07,0,0.73,4910.33
Goa,Suite,Peak,69,9932.3,0.82,0,0.87,10235.41
Delhi,Deluxe,Regular,37,12500.67,1.03,1,0.51,10212.05
Goa,Suite,Peak,11,12874.2,1.24,0,0.81,18347.12
Kolkata,Standard,Regular,28,7224.12,0.88,1,0.84,4688.49
Goa,Standard,Peak,72,3409.3,0.79,0,0.96,4107.57
Kolkata,Standard,Holiday,14,10217.07,1.0,0,0.71,5538.98
Mumbai,Standard,Regular,21,14248.07,0.75,0,0.47,3953.87
Chennai,Standard,Holiday,26,12421.93,1.06,0,0.63,6206.04
Bangalore,Standard,Holiday,4,8870.51,0.88,1,0.52,5709.91
Chennai,Standard,Regular,23,12051.38,1.06,0,0.43,6272.75
Chennai,Standard,Holiday,34,13257.01,0.83,0,0.67,4329.82
Goa,Standard,Holiday,33,11728.94,1.22,0,0.58,7999.97
Goa,Standard,Off-Peak,46,14911.5,1.22,0,0.88,3977.27
Delhi,Deluxe,Off-Peak,71,6044.09,1.37,0,0.71,9217.65
Goa,Standard,Regular,72,4619.44,0.88,1,0.56,4903.27
Kolkata,Standard,Peak,63,11199.79,1.43,0,0.47,9305.16
Bangalore,Standard,Holiday,9,8222.73,1.1,0,0.86,4620.0
Bangalore,Suite,Peak,75,6233.69,1.3,0,0.78,16733.25
Bangalore,Standard,Off-Peak,67,6257.32,1.42,1,0.72,7277.48
Kolkata,Deluxe,Holiday,80,11224.48,1.07,0,0.81,7939.33
Kolkata,Deluxe,Holiday,30,10796.7,1.08,0,0.79,8472.38
Mumbai,Deluxe,Off-Peak,39,5815.88,0.73,0,0.78,6113.84
Mumbai,Standard,Off-Peak,49,5108.38,1.22,0,0.79,5075.72
Delhi,Standard,Peak,76,10947.39,0.72,0,0.71,3234.03
Bangalore,Standard,Holiday,34,2410.89,0.77,1,0.86,4004.36
Goa,Deluxe,Holiday,33,9076.44,0.76,1,0.9,6066.73
Kolkata,Deluxe,Regular,66,8029.98,0.84,0,0.65,6790.61
Chennai,Deluxe,Peak,58,6375.67,1.21,0,0.44,13010.25
Goa,Standard,Off-Peak,89,14850.49,1.32,0,0.43,6534.6
Kolkata,Deluxe,Off-Peak,63,5272.61,0.79,0,0.58,5440.96
Goa,Standard,Regular,8,11506.0,0.78,1,0.58,4020.85
Chennai,Deluxe,Holiday,69,11086.21,0.84,0,0.79,6224.37
Delhi,Standard,Holiday,16,7735.42,0.77,0,0.54,4792.16
Goa,Deluxe,Regular,13,14642.42,1.07,0,0.69,8537.41
Chennai,Suite,Peak,40,11155.67,0.71,0,0.65,11364.12
Bangalore,Deluxe,Holiday,42,5852.8,1.36,0,0.78,10635.44
Bangalore,Standard,Regular,55,4608.34,0.79,0,0.66,3334.03
Bangalore,Suite,Peak,66,6253.12,0.76,1,0.66,12603.28
Delhi,Deluxe,Regular,50,10096.79,0.79,0,0.44,6356.76
Chennai,Deluxe,Off-Peak,46,11512.09,0.82,0,0.99,4876.0
Chennai,Suite,Regular,3,14693.46,0.74,0,0.62,10502.92
Goa,Suite,Off-Peak,3,9984.67,0.73,0,0.48,11433.66
Chennai,Deluxe,Holiday,50,9069.19,0.98,0,0.84,7743.06
Bangalore,Standard,Holiday,86,5176.11,0.98,0,0.87,4249.87
Kolkata,Standard,Holiday,87,2308.93,0.75,0,0.61,3596.91
Goa,Deluxe,Peak,19,10067.48,1.21,0,0.55,13827.68
Goa,Standard,Holiday,42,12000.12,0.96,0,0.52,5808.63
Chennai,Standard,Holiday,61,7697.88,1.21,0,0.46,7980.23
Goa,Standard,Off-Peak,63,14297.54,0.88,0,0.67,2526.47
Delhi,Suite,Regular,55,12657.52,1.34,0,0.8,14805.2
Chennai,Premium Suite,Holiday,0,10022.77,0.83,0,0.48,22351.54
Delhi,Standard,Peak,82,7631.98,0.73,0,0.58,4455.31
Kolkata,Standard,Regular,4,10426.41,1.47,0,1.0,6803.71
Chennai,Standard,Off-Peak,8,4431.43,0.84,0,0.66,4407.77
Mumbai,Standard,Peak,46,5822.93,1.24,0,0.91,5760.89
Kolkata,Deluxe,Off-Peak,18,6896.14,1.06,0,0.66,9306.52
Delhi,Premium Suite,Regular,70,11627.31,1.42,0,0.63,24750.78
Goa,Standard,Regular,19,8368.08,0.98,0,0.94,3513.12
Delhi,Deluxe,Regular,39,4453.5,1.11,0,0.47,10037.55
Kolkata,Standard,Peak,30,6649.78,1.36,0,0.85,6955.47
Kolkata,Standard,Off-Peak,83,5531.08,1.12,0,0.96,2185.7
Mumbai,Deluxe,Off-Peak,30,6769.13,0.82,1,0.57,7453.56
Chennai,Deluxe,Regular,77,5305.9,1.01,0,0.68,7674.67
Mumbai,Standard,Off-Peak,80,2908.87,1.23,0,0.68,4691.1
Mumbai,Standard,Off-Peak,73,6444.56,0.84,0,0.77,3312.39
Bangalore,Suite,Holiday,70,13747.12,1.4,0,0.73,17735.68
Chennai,Suite,Holiday,8,2764.23,1.07,1,0.89,15907.64
Goa,Deluxe,Peak,52,13343.57,1.47,0,0.89,11911.29
Delhi,Deluxe,Holiday,10,13034.04,1.08,0,0.94,7919.07
Chennai,Deluxe,Holiday,88,4259.61,1.42,0,0.78,9502.52
Kolkata,Standard,Peak,51,8793.3,1.07,0,0.6,6391.26
Goa,Deluxe,Holiday,64,2972.26,1.01,0,0.49,9593.07
Kolkata,Deluxe,Off-Peak,82,9220.04,1.09,0,0.72,6995.29
Goa,Standard,Holiday,72,8882.58,1.04,0,0.91,4050.4
Kolkata,Standard,Regular,16,9313.4,1.32,0,0.81,6420.4
Bangalore,Premium Suite,Holiday,28,9579.99,0.9,0,0.87,16975.09
Mumbai,Standard,Regular,43,10944.82,1.15,0,0.65,6053.16
Goa,Deluxe,Off-Peak,11,8389.99,1.35,0,0.59,12757.65
Delhi,Deluxe,Regular,17,3408.72,1.32,1,0.78,11035.43
Kolkata,Deluxe,Regular,3,5136.06,0.81,0,0.92,6677.11
Goa,Standard,Off-Peak,47,13840.79,1.1,0,0.58,5535.64
Kolkata,Standard,Peak,8,4715.19,1.19,0,0.61,8319.8
Mumbai,Suite,Peak,32,6474.42,0.95,0,0.7,14553.24
Bangalore,Suite,Regular,78,10665.44,0.93,1,0.53,11784.06
Delhi,Standard,Holiday,47,13065.28,0.9,0,0.69,4647.02
Mumbai,Deluxe,Holiday,25,12834.84,1.42,0,0.98,9966.15
Delhi,Deluxe,Regular,63,10792.87,0.87,0,0.77,5935.95
Goa,Deluxe,Off-Peak,73,7051.88,1.09,1,0.75,8373.93
Goa,Deluxe,Off-Peak,27,2590.86,1.15,1,0.55,11654.01
Kolkata,Suite,Off-Peak,80,14989.65,0.98,0,0.8,8617.31
Mumbai,Deluxe,Off-Peak,20,14030.45,0.85,1,0.76,6824.69
Bangalore,Deluxe,Holiday,49,10598.75,0.79,0,0.8,5956.46
Chennai,Standard,Off-Peak,58,3433.38,1.27,0,0.48,6320.36
Mumbai,Standard,Off-Peak,23,7063.41,0.89,0,0.87,3677.31
Mumbai,Deluxe,Regular,71,6857.61,0.78,1,0.88,5286.79
Goa,Standard,Peak,10,12373.84,1.32,0,0.51,9121.45
Delhi,Premium Suite,Holiday,2,3991.12,1.22,1,0.8,28084.39
Chennai,Standard,Peak,36,12748.52,1.33,1,0.45,9426.56
Mumbai,Standard,Peak,39,4476.98,1.05,0,0.5,6899.81
Mumbai,Standard,Regular,16,8277.09,1.43,0,0.6,7443.72
Goa,Deluxe,Off-Peak,12,10738.28,1.25,0,0.88,8720.58
Mumbai,Standard,Holiday,52,11145.78,1.24,0,0.61,7042.04
Goa,Deluxe,Off-Peak,8,7235.41,0.91,0,0.97,6384.79
Goa,Standard,Peak,27,7834.41,1.12,0,0.77,7261.68
Delhi,Standard,Off-Peak,9,3557.31,1.43,1,0.5,9066.19
Chennai,Deluxe,Holiday,3,10379.07,1.26,0,0.56,12801.39
Delhi,Suite,Regular,40,7351.93,1.29,0,0.95,12189.62
Mumbai,Suite,Regular,41,10491.99,1.05,0,0.99,9113.03
Goa,Deluxe,Holiday,55,5704.02,0.93,0,0.93,6894.68
Delhi,Standard,Off-Peak,29,9750.65,0.78,0,0.85,3149.51
Goa,Standard,Holiday,24,5667.23,1.1,0,0.42,7116.18
Delhi,Standard,Peak,6,4551.17,0.85,0,0.56,6276.06
Goa,Standard,Off-Peak,53,14472.76,1.03,0,0.77,4870.63
Mumbai,Deluxe,Regular,5,12531.39,1.25,0,0.94,8971.22
Bangalore,Suite,Off-Peak,56,4844.51,0.82,0,0.46,11595.49
Kolkata,Standard,Holiday,19,5658.65,1.26,0,0.99,5957.37
Mumbai,Suite,Holiday,74,9885.34,1.43,0,0.55,20332.13
Chennai,Standard,Regular,1,4223.99,1.45,0,0.4,8885.89
Kolkata,Standard,Regular,75,14265.09,0.97,0,0.82,3197.78
Goa,Standard,Peak,12,9520.61,0.96,0,0.67,6091.15
Mumbai,Deluxe,Peak,24,12596.53,0.98,0,0.73,9841.24
Goa,Standard,Regular,51,11993.23,1.41,0,0.78,6209.26
Bangalore,Suite,Holiday,29,9918.3,1.12,0,0.96,11309.73
Chennai,Premium Suite,Peak,25,11547.87,0.91,0,0.74,21122.4
Bangalore,Deluxe,Holiday,11,4439.51,0.97,0,0.84,9051.24
Chennai,Standard,Holiday,67,10543.15,1.17,0,0.58,5723.61
Mumbai,Standard,Regular,41,14185.28,1.04,0,0.95,3765.29
Delhi,Standard,Off-Peak,48,5209.79,1.15,0,0.63,5022.3
Goa,Standard,Peak,37,2026.23,1.41,0,0.96,5968.08
Bangalore,Suite,Regular,88,6870.87,0.8,0,0.63,8217.24
Kolkata,Standard,Peak,13,3895.72,1.11,0,0.61,8246.9
Mumbai,Standard,Off-Peak,41,7186.53,0.86,0,0.73,3762.71
Kolkata,Suite,Regular,51,8269.56,0.79,0,0.54,10386.47
Chennai,Standard,Regular,71,12601.61,0.96,1,0.62,4344.71
Chennai,Deluxe,Peak,77,3125.62,1.12,0,0.98,6683.0
Goa,Deluxe,Off-Peak,88,3686.54,1.26,0,0.44,8959.56
Goa,Standard,Off-Peak,77,5519.5,0.98,0,0.92,3316.17
Mumbai,Suite,Off-Peak,78,13121.99,0.72,1,0.61,9672.53
Chennai,Suite,Peak,55,11103.48,0.72,1,0.71,10681.45
Chennai,Standard,Holiday,18,9800.57,1.14,0,0.79,6094.24
Goa,Deluxe,Regular,78,2126.08,1.41,0,0.7,9333.38
Goa,Standard,Regular,75,14424.33,1.47,0,0.57,6333.18
Delhi,Suite,Peak,74,7194.75,0.98,0,0.87,11950.79
Delhi,Deluxe,Regular,58,9164.09,0.98,0,0.44,8125.38
Goa,Premium Suite,Holiday,2,10728.68,0.75,0,0.89,14517.65
Delhi,Deluxe,Off-Peak,80,14361.15,1.23,1,0.68,9278.44
Delhi,Standard,Regular,86,11787.17,1.41,0,0.56,5871.08
Kolkata,Standard,Off-Peak,70,9999.79,1.05,0,0.62,4524.46
Mumbai,Standard,Holiday,56,2394.34,1.11,0,0.89,4021.94
Chennai,Premium Suite,Peak,25,8450.46,1.47,0,0.7,30000.0
Bangalore,Deluxe,Holiday,4,7120.62,1.21,0,0.89,9159.44
Delhi,Deluxe,Off-Peak,16,13081.58,0.7,0,0.7,5619.15
Delhi,Deluxe,Regular,32,14094.47,1.04,0,0.59,9667.82
Goa,Premium Suite,Peak,39,7191.46,1.1,1,0.98,22147.77
Delhi,Standard,Off-Peak,13,11634.69,1.01,1,0.87,4126.02
Kolkata,Deluxe,Holiday,13,7241.24,1.12,0,0.9,8007.5
Mumbai,Standard,Regular,1,5441.99,1.02,0,0.58,5052.15
Delhi,Standard,Peak,84,14947.93,1.45,0,0.87,6579.74
Mumbai,Suite,Regular,85,11547.69,1.23,0,0.92,11618.83
Goa,Deluxe,Holiday,77,13920.09,0.98,1,0.53,9006.63
Bangalore,Standard,Peak,21,7038.55,0.85,0,0.95,4319.87
Goa,Standard,Off-Peak,70,13318.76,0.94,0,0.44,4580.5
Mumbai,Suite,Holiday,89,6929.58,1.22,0,0.76,14578.99
Bangalore,Deluxe,Regular,42,3464.63,1.36,0,0.56,10531.6
Mumbai,Deluxe,Holiday,36,12946.66,1.2,0,0.91,8964.07
Mumbai,Deluxe,Holiday,18,11398.17,1.24,0,0.56,12221.53
Goa,Deluxe,Regular,68,3216.44,1.47,0,0.77,9396.62
Chennai,Deluxe,Holiday,45,2063.58,1.19,0,0.64,10049.84
Bangalore,Standard,Peak,53,2125.63,0.96,0,0.71,4512.83
Bangalore,Standard,Regular,43,14401.37,0.76,0,0.6,4015.4
Kolkata,Deluxe,Holiday,31,8435.72,1.13,0,0.84,8660.76
Goa,Deluxe,Regular,86,14728.66,0.71,1,0.99,3113.76
Kolkata,Standard,Regular,21,13038.09,1.32,0,0.91,5302.33
Bangalore,Standard,Peak,30,13710.04,1.38,0,0.55,9359.1
Delhi,Deluxe,Peak,53,4726.96,1.42,0,0.48,16174.68
Mumbai,Deluxe,Holiday,9,11051.21,1.09,0,0.57,10914.94
Mumbai,Standard,Regular,19,8919.89,1.34,1,0.98,5339.96
Mumbai,Suite,Regular,87,13110.91,1.48,1,0.42,20763.0
Chennai,Deluxe,Peak,37,4447.77,1.04,0,0.65,10782.5
Bangalore,Deluxe,Holiday,73,7452.31,0.94,0,0.81,6959.74
Chennai,Deluxe,Holiday,14,11499.33,1.37,0,0.82,10949.71
Delhi,Deluxe,Off-Peak,70,11346.8,0.86,0,0.68,5553.83
Kolkata,Suite,Peak,63,2426.66,1.0,0,0.72,13258.44
Delhi,Suite,Peak,27,5778.0,1.49,0,0.41,29530.17
Goa,Suite,Off-Peak,89,6087.1,1.5,0,0.95,11538.11
Chennai,Standard,Peak,63,14365.42,1.05,0,0.82,5346.05
Delhi,Deluxe,Regular,5,8050.15,1.02,0,0.87,7217.94
Goa,Standard,Off-Peak,29,2771.34,0.8,0,0.97,2062.29
Kolkata,Standard,Off-Peak,60,8279.68,1.04,0,0.43,6078.94
Chennai,Standard,Off-Peak,4,13743.75,1.12,0,0.8,5959.98
Goa,Standard,Peak,26,10005.69,1.29,1,0.57,9141.06
Chennai,Standard,Regular,22,7707.35,1.01,0,0.45,6634.89
Kolkata,Suite,Holiday,31,4534.69,0.89,0,0.99,10326.86
Chennai,Standard,Off-Peak,40,10181.11,1.33,0,0.42,8494.91
Chennai,Standard,Off-Peak,40,14478.92,1.11,0,0.53,5945.87
Goa,Suite,Holiday,80,12154.38,1.49,0,0.45,22495.02
Chennai,Standard,Holiday,54,13961.57,1.13,0,0.48,6426.43
Mumbai,Deluxe,Peak,37,9002.01,1.46,0,0.63,15407.18
Kolkata,Deluxe,Holiday,23,14786.42,1.27,1,0.82,12352.52
Mumbai,Standard,Off-Peak,37,13065.33,1.34,0,0.86,5045.47
Kolkata,Standard,Regular,12,2951.67,1.2,0,0.43,7596.96
Goa,Standard,Off-Peak,46,9324.75,1.3,0,0.87,5651.72
Kolkata,Deluxe,Regular,68,4664.79,1.07,0,0.6,7653.29
Kolkata,Standard,Holiday,13,8729.54,0.75,1,0.72,4657.02
Mumbai,Deluxe,Off-Peak,87,5341.1,1.18,0,0.82,6884.88
Goa,Standard,Off-Peak,56,14319.29,0.89,0,0.89,2789.23
Delhi,Standard,Peak,68,7331.51,1.35,0,0.45,9449.56
Chennai,Deluxe,Holiday,80,9719.98,0.92,0,0.52,7573.02
Mumbai,Standard,Holiday,21,11028.02,1.14,0,0.89,6443.44
Goa,Suite,Off-Peak,46,11266.15,0.92,0,0.56,12095.21
Bangalore,Deluxe,Peak,33,9432.06,1.45,0,0.91,11012.15
Delhi,Standard,Regular,47,6444.63,1.1,0,0.91,3629.36
Delhi,Standard,Peak,16,8391.48,1.24,0,0.6,7596.34
Delhi,Standard,Off-Peak,6,3757.45,1.03,0,0.77,5657.39
Chennai,Standard,Holiday,34,5626.25,1.3,0,0.73,7029.11
Bangalore,Standard,Off-Peak,34,14369.52,1.29,0,0.86,6232.37
Goa,Deluxe,Holiday,30,12995.4,0.7,0,0.43,7558.87
Chennai,Deluxe,Peak,27,2615.34,1.04,0,0.45,11306.03
Delhi,Standard,Off-Peak,88,7732.85,1.39,0,0.42,6263.04
Goa,Standard,Holiday,39,14655.73,1.0,0,0.97,3729.71
Bangalore,Standard,Holiday,70,9027.87,1.23,1,0.61,7075.76
Delhi,Standard,Peak,30,5930.99,0.74,0,0.8,3710.3
Goa,Standard,Regular,81,7935.49,1.26,0,0.42,5582.19
Kolkata,Deluxe,Holiday,64,11869.14,1.07,0,0.65,9202.48
Chennai,Standard,Regular,7,6284.91,0.75,0,0.82,3605.04
Bangalore,Standard,Off-Peak,43,12222.13,1.36,0,0.5,7800.77
Bangalore,Standard,Regular,35,6733.52,1.47,0,0.41,7847.72
Goa,Suite,Holiday,50,10953.24,1.32,1,0.76,18851.06
Mumbai,Deluxe,Peak,0,7740.46,0.87,0,0.46,11555.7
Kolkata,Suite,Holiday,6,10693.85,1.39,0,0.76,20155.64
Mumbai,Suite,Peak,24,9500.97,0.91,0,0.84,12370.75
Mumbai,Deluxe,Peak,62,3157.88,1.41,0,0.55,14382.45
Kolkata,Deluxe,Peak,46,13581.34,1.24,0,0.76,11125.79
Goa,Deluxe,Holiday,64,14665.45,1.41,1,0.77,12452.5
Delhi,Standard,Peak,50,13623.2,1.44,0,0.5,9216.8
Bangalore,Standard,Holiday,61,7981.2,1.01,0,0.85,4212.39
Mumbai,Deluxe,Holiday,58,11833.94,1.07,0,0.9,7153.65
Chennai,Standard,Peak,13,12014.14,0.71,0,0.99,4526.67
Kolkata,Suite,Peak,76,9458.49,1.12,0,0.88,13078.55
Bangalore,Standard,Peak,56,2661.97,1.42,0,0.78,7556.08
Goa,Standard,Holiday,59,9560.11,1.13,0,0.41,7125.88
Chennai,Standard,Off-Peak,21,13615.11,1.32,1,0.51,8385.76
Goa,Deluxe,Holiday,78,6276.53,0.82,0,0.73,6483.69
Bangalore,Standard,Peak,77,13240.95,0.95,0,0.67,5738.46
Chennai,Standard,Off-Peak,27,7741.68,1.36,0,0.63,6985.32
Kolkata,Premium Suite,Off-Peak,7,3261.62,1.03,0,0.83,18049.19
Bangalore,Suite,Regular,32,6298.55,0.93,1,0.89,10685.75
Chennai,Deluxe,Holiday,81,6597.34,0.98,0,0.8,7439.05
Bangalore,Deluxe,Peak,77,11948.84,1.11,0,0.73,9682.74
Goa,Standard,Regular,53,6422.9,0.77,0,0.66,3797.52
Kolkata,Standard,Holiday,83,13614.75,1.42,0,0.97,4393.17
Goa,Suite,Peak,18,9700.21,1.38,1,0.75,22551.09
Kolkata,Standard,Off-Peak,89,7495.87,1.06,0,0.99,3309.61
Goa,Standard,Regular,10,6387.84,0.86,0,0.64,5015.86
Bangalore,Deluxe,Peak,70,12667.42,1.13,0,0.72,9751.97
Mumbai,Suite,Regular,28,10896.55,0.86,0,0.69,10623.51
Kolkata,Deluxe,Off-Peak,1,9096.51,1.17,0,0.5,12112.74
Kolkata,Deluxe,Holiday,12,13430.41,0.71,0,0.67,7102.17
Goa,Deluxe,Regular,64,2392.06,0.78,0,0.72,6192.69
Delhi,Deluxe,Peak,38,11525.07,0.72,1,0.54,9310.71
Mumbai,Deluxe,Peak,53,5643.15,1.24,0,0.82,9907.66
Goa,Standard,Holiday,87,8185.42,1.27,1,0.6,6712.22
Goa,Deluxe,Holiday,63,13195.53,1.29,0,0.89,8434.05
Mumbai,Deluxe,Peak,12,5527.07,1.34,0,0.98,10928.65
Chennai,Standard,Off-Peak,26,2366.75,0.83,0,0.74,3205.04
Chennai,Standard,Off-Peak,30,12118.23,1.13,0,0.94,4381.85
Kolkata,Standard,Off-Peak,79,7319.92,0.91,0,0.71,3603.13
Kolkata,Standard,Holiday,27,12841.11,0.81,1,0.92,4198.86
Goa,Deluxe,Off-Peak,73,11367.52,0.95,0,0.83,5783.84
Chennai,Standard,Off-Peak,80,7047.24,1.16,0,0.81,3548.84
Delhi,Standard,Regular,29,8792.99,1.24,0,0.42,7788.12
Mumbai,Suite,Off-Peak,26,10422.2,0.81,0,0.99,7630.78
Mumbai,Premium Suite,Holiday,14,4231.61,0.85,0,0.62,19970.71
Kolkata,Standard,Peak,30,4457.39,0.81,0,0.83,4541.2
Kolkata,Standard,Holiday,68,6663.45,1.0,0,0.63,4343.5
Goa,Standard,Peak,47,14932.58,0.88,0,0.81,4020.01
Delhi,Suite,Holiday,69,9704.13,1.09,0,0.54,15625.65
Chennai,Standard,Peak,3,11677.33,0.85,0,0.82,4029.13
Goa,Premium Suite,Peak,28,11891.68,1.09,0,0.96,20252.4
Kolkata,Standard,Holiday,43,7939.65,1.46,0,0.77,7042.56
Kolkata,Standard,Off-Peak,18,13269.49,0.87,0,0.41,4644.49
Delhi,Standard,Regular,41,4020.8,1.06,0,0.9,4110.13
Delhi,Suite,Holiday,20,3875.71,1.29,0,0.89,15801.27
Bangalore,Standard,Regular,46,10905.87,0.85,0,0.67,3789.8
Kolkata,Standard,Peak,62,9310.41,1.01,0,0.99,3664.48
Kolkata,Deluxe,Holiday,26,9095.53,1.29,0,0.92,9907.98
Goa,Deluxe,Off-Peak,61,7900.46,0.83,0,0.75,6297.59
Delhi,Deluxe,Regular,85,6511.97,1.15,0,0.53,8721.44
Chennai,Standard,Holiday,19,5820.26,1.26,0,0.56,7648.56
Bangalore,Deluxe,Regular,64,12712.55,1.19,0,0.67,9099.95
Goa,Standard,Holiday,24,11205.21,0.98,0,0.87,4405.36
Kolkata,Deluxe,Regular,67,7990.78,1.25,0,0.56,9191.99
Bangalore,Standard,Holiday,54,4818.93,1.4,0,0.9,5812.31
Mumbai,Standard,Holiday,75,4957.33,1.22,0,0.5,7006.1
Goa,Deluxe,Off-Peak,41,13408.96,1.14,0,0.66,8732.96
Chennai,Standard,Peak,20,7525.04,1.24,0,0.79,7775.84
Kolkata,Standard,Regular,6,8815.56,0.76,1,0.64,3622.26
Delhi,Standard,Regular,75,2540.33,0.96,0,0.48,4977.62
Goa,Standard,Peak,24,2462.07,1.12,1,0.88,6040.13
Delhi,Standard,Off-Peak,26,10104.13,1.09,0,0.98,3829.56
Kolkata,Standard,Peak,21,4565.07,0.73,0,0.84,3770.14
Delhi,Standard,Holiday,71,5824.97,0.98,1,0.41,6236.86
Mumbai,Suite,Off-Peak,72,2175.05,0.91,0,0.5,10699.88
Kolkata,Suite,Off-Peak,38,14118.63,1.38,1,0.75,17852.43
Mumbai,Premium Suite,Off-Peak,58,8814.9,0.94,0,0.77,14840.79
Mumbai,Standard,Peak,23,12505.31,1.4,0,0.48,10270.04
Delhi,Deluxe,Holiday,3,14977.53,1.27,0,0.56,13791.96
Bangalore,Suite,Regular,84,9848.84,0.77,0,0.69,7790.92
Mumbai,Suite,Peak,38,6078.61,1.28,0,0.45,22683.54
Delhi,Deluxe,Regular,63,4996.84,1.43,0,0.92,8684.48
Mumbai,Suite,Holiday,66,3904.5,0.85,0,0.63,11680.19
Goa,Standard,Regular,50,2262.51,1.23,0,0.42,5279.0
Mumbai,Standard,Off-Peak,14,13431.08,1.18,0,0.89,5272.19
Mumbai,Standard,Peak,74,10460.95,1.36,0,0.59,8159.85
Bangalore,Suite,Peak,9,11513.2,1.28,1,0.72,22847.54
Mumbai,Standard,Regular,23,7982.23,1.28,1,0.73,6792.97
Delhi,Standard,Off-Peak,3,5170.52,1.13,0,0.75,5057.08
Goa,Standard,Peak,6,8823.89,1.14,0,0.95,5265.31
Goa,Deluxe,Off-Peak,72,6193.43,1.13,0,0.69,7798.49
Kolkata,Standard,Off-Peak,87,5578.25,1.15,0,0.52,5294.69
Delhi,Deluxe,Regular,85,12733.27,1.16,0,0.77,6906.53
Goa,Deluxe,Regular,20,11755.21,0.93,0,0.41,8978.61
Bangalore,Deluxe,Off-Peak,44,9381.57,1.37,0,0.51,10882.15
Delhi,Deluxe,Peak,76,4034.28,1.14,0,0.82,8654.31
Delhi,Deluxe,Regular,59,13358.54,0.74,0,0.95,3509.86
Kolkata,Suite,Peak,60,4442.12,1.13,0,0.43,19849.87
Mumbai,Standard,Off-Peak,78,7716.31,1.38,0,0.49,6469.53
Chennai,Standard,Regular,39,5684.13,0.82,0,0.61,3855.01
Kolkata,Suite,Holiday,30,2574.42,0.86,0,0.99,9253.87
Chennai,Premium Suite,Off-Peak,88,13264.81,1.38,0,0.48,25941.07
Chennai,Premium Suite,Peak,61,7502.77,1.13,0,0.71,23873.56
Kolkata,Deluxe,Holiday,54,14960.98,1.13,0,0.79,8925.64
Mumbai,Suite,Regular,34,4204.45,0.84,0,0.55,11889.29
Mumbai,Standard,Regular,49,3645.9,1.28,1,0.63,6060.08
Chennai,Deluxe,Peak,50,14365.91,0.89,0,0.7,7392.07
Mumbai,Standard,Regular,40,14740.19,1.48,0,0.82,6343.28
Bangalore,Deluxe,Regular,19,6181.8,1.23,0,0.93,8666.69
Kolkata,Standard,Holiday,17,11984.64,1.03,0,0.82,5466.94
Delhi,Standard,Off-Peak,31,5341.33,0.88,0,0.65,4586.32
Chennai,Standard,Off-Peak,20,9214.74,0.81,0,0.77,3132.49
Bangalore,Standard,Peak,3,7360.64,1.06,0,0.64,6809.5
Mumbai,Deluxe,Peak,56,5373.06,1.03,0,0.72,9314.64
Mumbai,Suite,Peak,26,7613.99,1.02,0,0.51,18201.28
Chennai,Deluxe,Off-Peak,15,5874.68,0.96,0,0.44,9173.01
Kolkata,Suite,Off-Peak,6,12047.11,0.76,0,0.73,10713.62
Goa,Deluxe,Peak,72,6301.2,1.32,0,0.8,10031.37
Chennai,Standard,Peak,43,9104.7,0.83,0,0.7,5031.97
Chennai,Standard,Off-Peak,6,5031.87,0.92,1,0.91,4732.41
Bangalore,Standard,Holiday,35,12747.85,0.72,0,0.84,3420.71
Chennai,Standard,Regular,13,3236.77,1.25,0,0.73,6374.73
Kolkata,Deluxe,Off-Peak,41,14926.62,1.04,0,0.91,6936.45
Bangalore,Standard,Holiday,79,10710.81,1.08,0,0.64,5542.04
Goa,Suite,Peak,68,3161.96,1.34,0,0.54,20519.73
Bangalore,Standard,Off-Peak,6,2226.9,1.21,0,0.99,4095.12
Bangalore,Standard,Holiday,38,5703.42,0.71,0,0.87,2937.69
Delhi,Deluxe,Regular,23,7494.07,0.99,0,0.41,9512.23
Chennai,Standard,Regular,87,10119.54,0.83,0,0.8,2454.73
Goa,Suite,Holiday,59,3299.99,0.96,0,0.72,13088.78
Mumbai,Standard,Peak,11,10191.68,1.48,1,0.81,8420.17
Mumbai,Suite,Holiday,66,3224.98,1.46,1,0.7,21261.03
Delhi,Suite,Regular,29,14822.33,1.33,0,0.44,19569.71
Delhi,Deluxe,Holiday,39,2314.29,1.46,0,0.73,12142.24
Goa,Standard,Regular,56,14827.74,0.79,0,0.79,2982.81
Kolkata,Standard,Regular,45,5904.64,1.42,0,0.6,6644.74
Mumbai,Standard,Off-Peak,56,13630.23,0.7,1,0.91,2939.22
Bangalore,Deluxe,Off-Peak,62,10816.48,1.0,0,0.49,7717.28
Delhi,Standard,Holiday,38,9795.4,1.42,0,0.63,7767.14
Kolkata,Standard,Holiday,9,10184.31,0.83,1,0.56,5704.44
Mumbai,Standard,Off-Peak,61,14208.51,1.2,1,0.97,4462.66
Chennai,Deluxe,Off-Peak,23,13681.36,1.36,0,0.73,10664.98
Chennai,Standard,Off-Peak,62,10867.1,1.1,0,0.99,4810.71
Goa,Standard,Off-Peak,6,11314.97,0.95,0,0.62,4233.48
Goa,Deluxe,Peak,87,4861.74,0.97,1,0.46,10530.59
Kolkata,Standard,Regular,11,14962.2,1.32,1,0.64,8505.16
Delhi,Deluxe,Peak,17,10260.62,0.91,0,0.43,11345.25
Goa,Deluxe,Off-Peak,49,7545.19,1.13,0,0.51,9231.8
Kolkata,Standard,Off-Peak,43,9102.44,1.33,0,0.5,6733.97
Chennai,Standard,Off-Peak,86,14073.01,1.31,0,0.7,4870.35
Kolkata,Deluxe,Off-Peak,38,7606.89,0.83,0,0.81,5596.33
Mumbai,Deluxe,Peak,56,12453.02,0.9,0,0.86,6194.69
Mumbai,Premium Suite,Peak,45,13720.12,0.96,0,0.81,19491.0
Mumbai,Standard,Peak,78,13422.39,0.78,0,0.61,4823.94
Kolkata,Deluxe,Holiday,9,7135.32,0.99,0,0.42,11247.37
Goa,Standard,Peak,85,14205.87,0.94,1,0.81,3779.51
Chennai,Standard,Off-Peak,83,11537.7,0.78,0,0.52,3129.13
Bangalore,Standard,Holiday,5,11634.81,1.1,1,0.89,6886.86
Bangalore,Standard,Holiday,53,6192.87,1.23,0,0.49,7370.77
Delhi,Standard,Regular,57,7960.12,0.83,0,0.98,2722.99
Delhi,Deluxe,Regular,37,7834.76,1.31,0,0.8,9903.45
Mumbai,Standard,Off-Peak,61,14705.22,1.42,0,0.94,4885.91
Kolkata,Standard,Peak,8,5004.04,1.06,0,0.57,8222.44
Chennai,Deluxe,Holiday,32,8325.84,0.92,0,0.75,7657.72
Delhi,Deluxe,Holiday,52,4862.26,0.9,1,0.91,7267.14
Bangalore,Standard,Off-Peak,34,6525.25,1.08,0,0.51,5728.77
Kolkata,Deluxe,Peak,31,9615.35,1.43,0,0.94,11260.57
Kolkata,Standard,Holiday,48,6767.78,1.08,0,0.55,6207.98
Bangalore,Deluxe,Peak,37,13685.23,1.44,0,0.64,14164.49
Kolkata,Deluxe,Holiday,52,11896.46,1.42,1,0.79,12571.66
Mumbai,Standard,Regular,44,9991.79,1.13,0,0.5,5772.22
Goa,Standard,Holiday,31,13797.31,1.08,1,0.6,7041.62
Mumbai,Standard,Peak,83,14963.94,1.34,0,0.97,4945.89
Bangalore,Standard,Peak,57,14722.41,1.48,0,0.82,7056.66
Bangalore,Deluxe,Holiday,38,6726.02,0.88,0,0.74,7388.51
Kolkata,Suite,Off-Peak,1,5742.03,0.92,0,0.68,12476.34
Chennai,Suite,Regular,9,13244.86,0.88,0,0.46,14560.81
Delhi,Suite,Regular,54,10951.88,0.98,0,0.63,13206.57
Goa,Premium Suite,Off-Peak,21,9896.75,0.72,1,0.79,14862.33
Chennai,Suite,Holiday,41,8845.1,1.14,0,0.4,20236.52
Mumbai,Standard,Off-Peak,57,2724.3,1.47,0,0.81,6037.16
Kolkata,Deluxe,Holiday,78,4719.43,1.5,0,0.51,13049.42
Kolkata,Standard,Off-Peak,31,8849.37,0.97,0,0.64,4914.2
Bangalore,Suite,Off-Peak,27,13355.93,1.22,0,0.77,13734.05
Delhi,Deluxe,Off-Peak,70,2045.31,0.97,0,0.52,8342.38
Mumbai,Standard,Off-Peak,7,13532.57,1.01,0,0.96,2309.39
Mumbai,Standard,Holiday,63,8324.5,1.28,0,0.87,5913.1
Mumbai,Deluxe,Regular,46,13151.07,1.42,0,0.79,10390.03
Mumbai,Deluxe,Holiday,62,7429.9,0.74,1,0.52,7401.26
Goa,Standard,Holiday,72,12677.62,1.37,0,0.81,5990.14
Delhi,Standard,Peak,64,13774.5,1.38,0,0.76,7359.13
Bangalore,Standard,Off-Peak,59,14109.58,1.29,0,0.95,4963.09
Goa,Deluxe,Regular,76,10208.17,1.14,0,0.45,9088.45
Delhi,Standard,Regular,2,5987.1,0.95,0,0.79,4782.82
Chennai,Deluxe,Holiday,11,9525.77,1.25,0,0.77,10885.46
Goa,Standard,Regular,56,13680.19,1.19,0,0.94,4400.01
Kolkata,Standard,Off-Peak,25,3790.54,1.04,1,0.49,7111.03
Delhi,Premium Suite,Regular,0,14778.81,1.19,0,0.82,22259.08
Goa,Suite,Regular,3,11799.57,0.89,0,0.73,11812.54
Bangalore,Premium Suite,Regular,18,8090.28,0.85,0,0.62,17814.7
Chennai,Deluxe,Off-Peak,86,13325.24,0.8,1,0.77,5466.69
Kolkata,Premium Suite,Peak,55,10895.04,1.04,0,0.77,21686.03
Chennai,Deluxe,Holiday,17,4449.02,1.08,0,0.48,12038.83
Kolkata,Suite,Off-Peak,20,8087.54,1.1,0,0.5,15422.01
Chennai,Standard,Peak,12,7837.44,0.8,0,0.97,3542.55
Bangalore,Suite,Holiday,80,4646.04,0.91,0,0.78,10511.59
Goa,Deluxe,Holiday,33,11087.67,1.37,0,0.82,11808.38
Delhi,Standard,Holiday,76,3952.69,1.48,0,0.52,7713.41
Kolkata,Deluxe,Regular,26,8087.02,1.04,0,0.43,8924.75
Delhi,Standard,Regular,84,6697.79,0.76,1,0.69,3436.82
Kolkata,Standard,Regular,20,7154.83,0.85,0,0.69,3724.56
Mumbai,Deluxe,Holiday,42,13111.95,1.08,0,0.9,8489.16
Delhi,Standard,Holiday,87,9901.43,1.14,0,0.9,4834.34
Delhi,Standard,Peak,40,9103.31,1.43,0,0.48,9264.98
Mumbai,Suite,Peak,82,2770.26,0.99,0,0.72,13339.29
Bangalore,Standard,Peak,15,11504.08,0.74,0,0.44,5942.74
Bangalore,Suite,Regular,81,9937.11,1.28,1,0.73,15009.2
Delhi,Standard,Peak,15,10366.06,1.08,1,0.75,6215.48
Goa,Deluxe,Holiday,47,4529.5,1.47,0,0.54,14497.97
Chennai,Suite,Peak,65,2476.47,0.87,0,0.49,14012.36
Delhi,Standard,Peak,23,14578.01,1.38,0,0.7,8642.65
Chennai,Standard,Regular,75,9212.32,0.99,0,0.82,4515.28
Chennai,Premium Suite,Peak,41,4903.36,0.85,1,0.59,21498.26
Goa,Standard,Holiday,40,5570.19,1.2,0,0.87,5786.16
Bangalore,Premium Suite,Off-Peak,49,4853.33,1.43,0,0.66,26233.72
Chennai,Standard,Regular,31,13389.42,1.49,0,0.61,6867.01
Chennai,Premium Suite,Peak,53,11201.02,0.93,1,0.62,24184.66
Delhi,Standard,Regular,82,13481.75,1.13,0,0.4,5676.68
Bangalore,Standard,Holiday,88,5921.36,1.32,0,0.91,4938.48
Delhi,Deluxe,Peak,68,6682.68,0.71,0,0.8,4522.26
Mumbai,Premium Suite,Peak,48,7825.81,0.82,0,0.7,18291.52
Mumbai,Standard,Off-Peak,51,3124.07,0.7,0,0.48,3872.23
Mumbai,Standard,Holiday,62,10891.43,1.45,0,0.86,6315.43
Mumbai,Suite,Off-Peak,62,12358.26,0.84,0,0.6,9243.46
Goa,Standard,Peak,7,11670.61,1.46,0,0.62,10040.72
Bangalore,Standard,Off-Peak,81,6873.69,1.41,0,0.75,5666.02
Delhi,Deluxe,Regular,62,11919.93,1.34,0,0.68,10307.94
Bangalore,Standard,Peak,17,10408.34,1.44,0,0.49,10756.48
Goa,Standard,Peak,60,5866.47,1.24,0,0.92,6044.29
Chennai,Deluxe,Off-Peak,39,9922.43,1.03,0,0.51,8634.16
Chennai,Standard,Holiday,21,10184.65,1.31,0,0.83,6731.12
Mumbai,Deluxe,Off-Peak,37,7645.55,0.91,0,0.41,8622.43
Bangalore,Standard,Off-Peak,55,10335.79,0.85,0,0.74,3277.68
Chennai,Deluxe,Peak,51,9795.88,1.34,0,0.85,11010.97
Bangalore,Standard,Holiday,39,14445.99,1.27,0,0.81,6315.48
Delhi,Standard,Off-Peak,42,12738.32,1.02,0,0.66,4973.42
Bangalore,Deluxe,Peak,39,12376.54,1.21,0,0.64,12172.26
Bangalore,Deluxe,Peak,73,6639.25,1.19,0,0.53,10884.81
Kolkata,Premium Suite,Off-Peak,61,2186.3,1.14,0,0.59,21700.35
Chennai,Deluxe,Off-Peak,27,13502.55,0.98,0,0.84,6855.11
Kolkata,Deluxe,Holiday,17,12763.84,0.79,0,0.6,7639.8
Goa,Standard,Regular,78,3151.81,1.27,0,0.68,4990.73
Delhi,Deluxe,Off-Peak,54,10619.48,0.76,1,0.68,6265.02
Delhi,Standard,Holiday,46,9237.78,1.08,0,0.63,5326.17
Bangalore,Standard,Holiday,14,13221.88,1.25,0,0.74,5920.48
Goa,Standard,Peak,77,14949.75,1.44,0,0.87,6361.2
Chennai,Standard,Regular,15,13262.43,0.88,0,0.52,4114.18
Bangalore,Standard,Peak,78,13195.16,0.84,0,0.57,4505.33
Bangalore,Deluxe,Off-Peak,46,9565.88,0.74,1,1.0,4734.74
Delhi,Suite,Regular,23,14714.36,0.87,0,0.71,10602.82
Chennai,Standard,Regular,17,13274.45,1.22,0,0.49,6235.51
Mumbai,Standard,Off-Peak,29,13381.44,0.84,0,0.81,4355.75
Chennai,Standard,Regular,6,4369.07,1.25,0,0.48,7670.05
Bangalore,Suite,Off-Peak,16,5108.23,1.1,0,0.61,15207.37
Kolkata,Standard,Holiday,74,10367.49,0.81,0,0.57,4500.79
Kolkata,Standard,Off-Peak,69,9772.47,0.8,1,0.64,3658.71
Kolkata,Deluxe,Peak,58,13338.45,1.25,0,0.72,11195.04
Mumbai,Standard,Holiday,9,9018.01,1.24,0,0.6,7422.74
Chennai,Standard,Regular,62,13322.21,1.13,0,0.45,6263.16
Goa,Deluxe,Holiday,65,10116.41,1.32,0,0.58,12044.49
Mumbai,Premium Suite,Peak,5,13258.91,1.26,1,0.74,30000.0
Delhi,Suite,Off-Peak,3,12299.58,1.14,0,0.76,14408.56
Mumbai,Standard,Regular,75,4575.2,1.45,0,0.85,5653.48
Goa,Deluxe,Holiday,50,6615.41,1.13,0,0.51,10685.36
Chennai,Deluxe,Holiday,65,3996.64,0.94,1,0.85,7575.15
Delhi,Standard,Regular,27,12711.32,1.05,0,0.94,3626.17
Delhi,Deluxe,Regular,6,9278.77,0.93,1,0.57,9706.61
Bangalore,Standard,Regular,8,6979.78,0.93,0,0.44,6077.54
Kolkata,Standard,Regular,31,10345.75,1.2,0,0.73,5288.21
Bangalore,Premium Suite,Regular,14,5026.12,0.9,0,0.55,18301.35
Delhi,Standard,Peak,29,14697.01,0.7,0,0.68,3881.48
Chennai,Deluxe,Off-Peak,33,5975.12,1.34,0,0.8,8991.83
Goa,Standard,Off-Peak,27,9090.14,1.36,0,0.82,6868.44
Mumbai,Standard,Off-Peak,18,11380.83,1.18,0,0.56,6425.92
Chennai,Standard,Off-Peak,61,14424.27,1.34,1,0.49,7473.1
Kolkata,Deluxe,Regular,3,9636.5,1.22,0,0.4,12709.11
Kolkata,Standard,Regular,74,4450.44,1.24,0,0.86,4143.67
Delhi,Deluxe,Holiday,6,2726.74,1.49,1,0.97,11722.67
Kolkata,Standard,Off-Peak,20,10798.0,1.16,0,0.61,5693.99
Goa,Standard,Off-Peak,39,3168.74,1.49,0,0.92,6104.46
Chennai,Standard,Regular,50,13118.03,1.31,0,0.68,5415.52
Mumbai,Deluxe,Regular,80,9646.76,1.46,1,0.79,9744.42
Mumbai,Deluxe,Off-Peak,59,8499.39,1.38,0,0.84,10103.19
Chennai,Standard,Regular,84,10555.41,1.1,0,0.7,5146.58
Bangalore,Deluxe,Regular,44,6942.55,0.95,1,0.72,7815.78
Delhi,Standard,Off-Peak,16,10431.37,0.71,0,0.96,1579.16
Chennai,Deluxe,Peak,56,6132.72,1.07,0,0.86,8308.72
Kolkata,Deluxe,Holiday,42,10090.48,1.41,0,0.41,14923.57
Goa,Suite,Off-Peak,40,9511.35,1.36,0,0.44,19867.16
Mumbai,Deluxe,Holiday,38,4071.75,0.77,0,0.95,5130.47
Delhi,Standard,Peak,72,3608.17,1.03,1,0.87,4308.6
Goa,Standard,Holiday,50,14521.83,1.23,0,0.74,6914.16
Goa,Deluxe,Off-Peak,4,4460.97,1.27,0,0.8,9908.52
Chennai,Standard,Off-Peak,42,10336.94,0.88,1,0.53,4759.95
Kolkata,Standard,Holiday,34,13583.1,1.36,0,0.45,7959.96
Mumbai,Standard,Regular,89,8534.48,0.99,0,0.91,4268.07
Chennai,Standard,Off-Peak,3,9916.62,1.48,0,0.71,7329.94
Mumbai,Suite,Regular,78,8198.46,0.9,0,0.71,10890.67
Mumbai,Deluxe,Peak,76,5880.55,1.07,0,0.43,12088.97
Bangalore,Standard,Off-Peak,84,10094.96,0.94,0,0.9,3424.75
Goa,Deluxe,Peak,0,2124.58,1.48,0,0.97,12477.6
Goa,Deluxe,Holiday,26,5673.17,1.42,0,0.85,11194.83
Mumbai,Standard,Holiday,12,5382.92,1.42,1,0.46,11828.73
Goa,Standard,Peak,72,8524.81,0.87,0,0.95,3937.96
Kolkata,Standard,Off-Peak,45,14966.76,1.38,0,0.6,6965.95
Delhi,Standard,Regular,67,3994.16,1.22,0,0.6,5153.5
Chennai,Standard,Peak,60,2035.45,1.28,0,0.76,7138.08
Bangalore,Standard,Regular,68,5811.28,1.2,1,0.6,6274.45
Kolkata,Deluxe,Regular,9,11631.71,1.36,0,0.76,11111.95
Mumbai,Deluxe,Peak,41,10376.93,1.44,0,0.96,10540.95
Chennai,Deluxe,Regular,3,11133.64,0.84,1,0.51,9008.77
Bangalore,Premium Suite,Holiday,7,9323.62,1.48,0,0.94,27749.21
Mumbai,Standard,Peak,10,10661.51,1.0,1,0.63,7051.25
Chennai,Standard,Holiday,78,12011.47,0.94,1,0.59,5222.07
Bangalore,Standard,Off-Peak,12,2999.15,1.05,1,0.86,4869.55
Chennai,Standard,Peak,70,13234.92,1.34,0,0.65,7431.85
Delhi,Deluxe,Regular,55,6263.96,1.39,1,0.63,11608.98
Delhi,Deluxe,Off-Peak,79,2722.11,1.31,0,0.55,9510.68
Kolkata,Standard,Off-Peak,45,9138.58,1.14,0,0.78,4848.05
Mumbai,Standard,Off-Peak,72,9136.93,1.3,0,0.46,5976.82
Goa,Suite,Regular,70,12804.19,0.79,0,0.71,9400.51
Kolkata,Standard,Peak,56,6330.89,1.28,1,0.4,9351.81
Bangalore,Suite,Regular,51,11902.31,1.36,0,0.49,18687.67
Chennai,Standard,Holiday,75,12463.12,0.9,0,0.87,3362.92
Chennai,Deluxe,Regular,2,10418.45,1.14,1,0.76,10020.1
Mumbai,Standard,Peak,53,9940.19,0.85,0,0.56,5403.77
Bangalore,Deluxe,Peak,75,5732.85,0.74,0,0.67,6225.56
Mumbai,Deluxe,Regular,0,3339.17,1.42,0,0.45,14314.05
Kolkata,Suite,Regular,35,12618.84,0.95,0,0.53,14033.53
